{"cameraMode":{"drawMode":0,"name":"Shaded","section":"Shading Mode"},"sceneLighting":false,"audioPlay":false,"sceneViewState":{"showFog":true,"showMaterialUpdate":false,"showSkybox":false,"showFlares":true,"showImageEffects":true,"showParticleSystems":true},"in2DMode":false,"pivot":{"x":-0.7595843076705933,"y":3.4263906478881838,"z":-9.103075981140137},"rotation":{"x":-0.09888077527284622,"y":0.8943538665771484,"z":-0.24493108689785005,"w":-0.3610580563545227},"size":0.245339497923851,"orthographic":false}